site,submission,score,provenance,status,source_url,notes,evidence_class,as_of_utc
GEMSDOE,gems-submission-20260925T001403Z-7f00890a,0.1563,user brief,user-reported; not independently authenticated,https://buffedlizard55-lab.github.io/GEMSDOE/docs/index.html,,user-report,
6GEMSDOE,gems6_hgb88-topk03_33cec71ff0,0.0286,user brief,user-reported; not independently authenticated,https://buffedlizard55-lab.github.io/6GEMSDOE/,,user-report,
GEMSDOE3,pindrop-v4-nodes-20260925T152420Z-f347b70daa,0.1193,user brief,user-reported; not independently authenticated,https://buffedlizard55-lab.github.io/GEMSDOE3/docs/index.html,,user-report,
GEMSDOE3,pindrop-v4-discovery-20260925T152423Z-37f9d5b855,0.0830,user brief,user-reported; not independently authenticated,https://buffedlizard55-lab.github.io/GEMSDOE3/docs/index.html,,user-report,
GEMSDOE3,pindrop-v4-ridge-20260925T152422Z-4e03fc9705,0.1152,user brief,user-reported; not independently authenticated,https://buffedlizard55-lab.github.io/GEMSDOE3/docs/index.html,,user-report,
GEMSDOE2,gemsdoe2-dual-family-union-20260925T160406Z-f68e590f,0.1560,user brief,user-reported; not independently authenticated,https://buffedlizard55-lab.github.io/GEMSDOE2/docs/index.html,,user-report,
GEMSDOE4,gems-submission-20260926T163915Z-237f0063,0.0343,user brief,user-reported; not independently authenticated,https://buffedlizard55-lab.github.io/GEMSDOE4/,,user-report,
5GEMSDOE,gems-submission-20260926T175114Z-7f00890a,0.1563,user brief,user-reported; not independently authenticated,https://buffedlizard55-lab.github.io/5GEMSDOE/docs/index.html,,user-report,
7GEMSDOE,lidarscarp-ridge-top2pct-36c3a3f341c8,0.1461,user brief,user-reported; not independently authenticated,https://buffedlizard55-lab.github.io/7GEMSDOE/,,user-report,
8GEMSDOE,Hedge-v2_submission,0.1563,user brief,user-reported; not independently authenticated,https://buffedlizard55-lab.github.io/8GEMSDOE/,,user-report,
GEMSDOE9,2314b599,0.0107,user brief,user-reported; not independently authenticated,https://buffedlizard55-lab.github.io/GEMSDOE9/docs/index.html,,user-report,
11GEMSDOE,gems-structural-area06-v1,0.0202,user brief,user-reported; not independently authenticated,https://buffedlizard55-lab.github.io/11GEMSDOE/docs/index.html,,user-report,
12GEMSDOE,r7-nms3-dem10-scarp_0c9199f14e62,0.1294,user brief,user-reported; not independently authenticated,https://buffedlizard55-lab.github.io/12GEMSDOE/docs/index.html,,user-report,
12GEMSDOE,r7-nms3-dem10-scarp_0c9199f14e62_allfinite,0.1294,user brief,user-reported; not independently authenticated,https://buffedlizard55-lab.github.io/12GEMSDOE/docs/index.html,,user-report,
15GEMSDOE,gems-tso1-20260929T005627Z-conj_alteration_mag,0.0782,user brief,user-reported; not independently authenticated,https://buffedlizard55-lab.github.io/15GEMSDOE/docs/index.html,,user-report,
14GEMSDOE,GEMS_r5-geom-horse-ensemble_20260929T154852Z_ccbe1de0_site_e96e942f,0.0020,user brief,user-reported; not independently authenticated,https://buffedlizard55-lab.github.io/14GEMSDOE/docs/index.html,,user-report,
17GEMSDOE,17GEMSDOE_F-ensemble-2pct_20260930T050626Z,0.0187,user brief,user-reported; not independently authenticated,https://buffedlizard55-lab.github.io/17GEMSDOE/,,user-report,
18GEMSDOE,H19-C_20260930T212401Z_c11e495e,0.0297,user brief,user-reported; not independently authenticated,https://buffedlizard55-lab.github.io/18GEMSDOE/,,user-report,
19GEMSDOE,h19-4-multiline-corroborated-openness-thermal-pop-20260930-691e4dfa-nan,0.1894,user brief,user-reported; not independently authenticated,https://buffedlizard55-lab.github.io/19GEMSDOE/docs/index.html,,user-report,
19GEMSDOE,h19-5-powerlaw-budget-multiline-corroborated-20260930-e27054cf-nan,0.1922,user brief,user-reported; not independently authenticated,https://buffedlizard55-lab.github.io/19GEMSDOE/docs/index.html,,user-report,
GEMSDOE10,h16-continuation-20260927T065521077735Z-3431b83c7c,0.0461,user brief,user-reported; not independently authenticated,https://buffedlizard55-lab.github.io/GEMSDOE10/,,user-report,
GEMSDOE10,h20-dem10-scarp-thin-20260927T155223039488Z-ffc91a1686,0.0921,user brief,user-reported; not independently authenticated,https://buffedlizard55-lab.github.io/GEMSDOE10/,,user-report,
GEMSDOE10,H25-ctx-ridge-20260927T232947704150Z-6452ae1d00,0.1280,user brief,user-reported; not independently authenticated,https://buffedlizard55-lab.github.io/GEMSDOE10/,,user-report,
GEMSDOE10,h28-dotted-ridge-20260928T020256236880Z-6452ae1d00,0.1839,user brief,user-reported; not independently authenticated,https://buffedlizard55-lab.github.io/GEMSDOE10/,,user-report,
13GEMSDOE,20261001_r13-lattice-s5_v2_nan-outside,0.0904,user brief,user-reported; not independently authenticated,https://buffedlizard55-lab.github.io/13GEMSDOE/,,user-report,
16GEMSDOE,h16-1-topo-geophys-baseline-ridges-20260930-df20f65e-nan,0.1855,user brief,user-reported; not independently authenticated,https://buffedlizard55-lab.github.io/16GEMSDOE/docs/index.html,,user-report,
16GEMSDOE,h18-3a-topo-geophys-x-complexity-prior-20260930-c502dfab-nan,0.0976,user brief,user-reported; not independently authenticated,https://buffedlizard55-lab.github.io/16GEMSDOE/docs/index.html,,user-report,
16GEMSDOE,h18-4-usgs-geologic-map-faults-gap-20260930-aef8f42c-nan,0.0360,user brief,user-reported; not independently authenticated,https://buffedlizard55-lab.github.io/16GEMSDOE/docs/index.html,,user-report,
21GEMSDOE,h19-4-reference-20260930-691e4dfa,0.1894,user brief,user-reported; not independently authenticated,https://buffedlizard55-lab.github.io/GEMSDOE21/,,user-report,
20GEMSDOE,h20-1-sarnnpu-powerlaw-pi0363-tilt-wingcrack-20260930-be0e8f6b-nan,0.1890,user brief,user-reported; not independently authenticated,https://buffedlizard55-lab.github.io/20GEMSDOE/docs/index.html,,user-report,
20GEMSDOE,h20-5-continuous-pu-proxy-unverified-20260930-824ce73a-nan,0.1859,user brief,user-reported; not independently authenticated,https://buffedlizard55-lab.github.io/20GEMSDOE/docs/index.html,,user-report,
GEMSDOE22,h23-a-dti-optimal-emission-6pct-20261002-e2ec4b49-nan,0.1002,user brief,user-reported; not independently authenticated,https://buffedlizard55-lab.github.io/GEMSDOE22/docs/index.html,,user-report,
GEMSDOE22,h23-b-dti-optimal-emission-10pct-20261002-86176698-nan,0.0748,user brief,user-reported; not independently authenticated,https://buffedlizard55-lab.github.io/GEMSDOE22/docs/index.html,,user-report,
GEMSDOE23,h30-arrangement-matched-habitat-20261002-0d4e02e8-nan,0.1352,user brief,user-reported; not independently authenticated,https://buffedlizard55-lab.github.io/GEMSDOE23/,,user-report,
GEMSDOE24,h25-1-dotted-h19-5-d1-5-20261002-989f59505db1-nan,0.2477,user brief; owner page also reports anchor,attribution not authenticated; owner-reported,https://buffedlizard55-lab.github.io/GEMSDOE24/,,user-report,
GEMSDOE25,dotted-h19-5-d2-8-20261002-e56ea318af89-nan,0.2600,user brief,user-reported; conflicting owner page says unscored/not slot-approved,https://buffedlizard55-lab.github.io/GEMSDOE25/,,user-report,
GEMSDOE26,dilcond-oof-v1-20261003-47629f496133-nan,0.1223,user brief,user-reported; not independently authenticated,https://buffedlizard55-lab.github.io/GEMSDOE26/,,user-report,
GEMSDOE27,topo-gap-closure-t-v2-on-d1-5-20261002-5512495c6bd1-nan,0.2449,user brief,user-reported; not independently authenticated,https://buffedlizard55-lab.github.io/GEMSDOE27/,,user-report,
DrivenData official leaderboard,rank-1 DARD (best public DW-Tversky),0.3195,official page read 2026-10-03,verified snapshot; dynamic,https://www.drivendata.org/competitions/306/competition-doe-gems/leaderboard/,Rank 1 on the page at review time; no private score implied,official-snapshot,2026-10-03
DrivenData official leaderboard,rank-15 wbg1 (best public DW-Tversky),0.2600,official page read 2026-10-03,verified snapshot; file attribution unknown,https://www.drivendata.org/competitions/306/competition-doe-gems/leaderboard/,Rank 15 on the page at review time; not matched to the GEMSDOE25 TIFF,official-snapshot,2026-10-03
DrivenData official leaderboard,rank-2 nchuzhoy (best public DW-Tversky),0.3128,official snapshot read via page fetch,public leaderboard rank 2; dynamic snapshot; not private-test performance,https://www.drivendata.org/competitions/306/competition-doe-gems/leaderboard/,"read 2026-10-03 by autonomous session; DrivenData ToS prohibit automated monitoring, so snapshots are dated manual reads",official-snapshot,2026-10-03
DrivenData official leaderboard,rank-3 alexoktaba (best public DW-Tversky),0.3042,official snapshot read via page fetch,public leaderboard rank 3; dynamic snapshot; not private-test performance,https://www.drivendata.org/competitions/306/competition-doe-gems/leaderboard/,"read 2026-10-03 by autonomous session; DrivenData ToS prohibit automated monitoring, so snapshots are dated manual reads",official-snapshot,2026-10-03
DrivenData official leaderboard,rank-4 Batik Shirt Brothers (best public DW-Tversky),0.2998,official snapshot read via page fetch,public leaderboard rank 4; dynamic snapshot; not private-test performance,https://www.drivendata.org/competitions/306/competition-doe-gems/leaderboard/,"read 2026-10-03 by autonomous session; DrivenData ToS prohibit automated monitoring, so snapshots are dated manual reads",official-snapshot,2026-10-03
DrivenData official leaderboard,rank-5 xiaofanhu (best public DW-Tversky),0.2941,official snapshot read via page fetch,public leaderboard rank 5; dynamic snapshot; not private-test performance,https://www.drivendata.org/competitions/306/competition-doe-gems/leaderboard/,"read 2026-10-03 by autonomous session; DrivenData ToS prohibit automated monitoring, so snapshots are dated manual reads",official-snapshot,2026-10-03
DrivenData official leaderboard,rank-6 joeyfezster (best public DW-Tversky),0.2919,official page read 2026-10-03 (second dated read this session),verified snapshot; dynamic,https://www.drivendata.org/competitions/306/competition-doe-gems/leaderboard/,No file attribution; public score only,official-snapshot,2026-10-03
DrivenData official leaderboard,rank-7 ndavis7 (best public DW-Tversky),0.2888,official page read 2026-10-03 (second dated read this session),verified snapshot; dynamic,https://www.drivendata.org/competitions/306/competition-doe-gems/leaderboard/,No file attribution; public score only,official-snapshot,2026-10-03
DrivenData official leaderboard,rank-8 mzoorob (best public DW-Tversky),0.2884,official page read 2026-10-03 (second dated read this session),verified snapshot; dynamic,https://www.drivendata.org/competitions/306/competition-doe-gems/leaderboard/,No file attribution; public score only,official-snapshot,2026-10-03
DrivenData official leaderboard,rank-9 GrigorSargsyan (best public DW-Tversky),0.2876,official page read 2026-10-03 (second dated read this session),verified snapshot; dynamic,https://www.drivendata.org/competitions/306/competition-doe-gems/leaderboard/,No file attribution; public score only,official-snapshot,2026-10-03
DrivenData official leaderboard,rank-10 HardcoreTechGod (best public DW-Tversky),0.2854,official page read 2026-10-03 (second dated read this session),verified snapshot; dynamic,https://www.drivendata.org/competitions/306/competition-doe-gems/leaderboard/,No file attribution; public score only,official-snapshot,2026-10-03
DrivenData official leaderboard,rank-12 kinghorton42 (best public DW-Tversky),0.2635,official page read 2026-10-03 (second dated read this session),verified snapshot; dynamic,https://www.drivendata.org/competitions/306/competition-doe-gems/leaderboard/,Reads as a plausible public-cluster neighbour of the owner-reported 0.2600/0.2477 values; attribution deliberately NOT inferred,official-snapshot,2026-10-03
DrivenData official leaderboard,rank-14 No Fault of Our Own (best public DW-Tversky),0.2624,official page read 2026-10-03 (second dated read this session),verified snapshot; dynamic,https://www.drivendata.org/competitions/306/competition-doe-gems/leaderboard/,No file attribution; public score only,official-snapshot,2026-10-03
DrivenData official leaderboard,rank-19 extradr19 (best public DW-Tversky),0.2449,official page read 2026-10-03 (second dated read this session),verified snapshot; dynamic,https://www.drivendata.org/competitions/306/competition-doe-gems/leaderboard/,"Value equals the owner-reported GEMSDOE27 score 0.2449; numeric coincidence only, not a file attribution (IR-30-002 class)",official-snapshot,2026-10-03
DrivenData official leaderboard,rank-1..5 re-read confirmation,0.3195/0.3128/0.3042/0.2998/0.2941,official page read 2026-10-03 (second dated read this session),verified snapshot; identical to the earlier same-day rows; leader unchanged,https://www.drivendata.org/competitions/306/competition-doe-gems/leaderboard/,Confirms no intraday change at the top; public leaderboard only,official-snapshot,2026-10-03
DrivenData official leaderboard,rank-1 alexoktaba (best public DW-Tversky),0.3345,official page read 2026-10-06,verified snapshot; dynamic,https://www.drivendata.org/competitions/306/competition-doe-gems/leaderboard/,Leader on the page at review time; no private score implied,official-snapshot,2026-10-06
DrivenData official leaderboard,rank-2 nchuzhoy (best public DW-Tversky),0.3262,official page read 2026-10-06,verified snapshot; dynamic,https://www.drivendata.org/competitions/306/competition-doe-gems/leaderboard/,,official-snapshot,2026-10-06
DrivenData official leaderboard,rank-3 kinghorton42 (best public DW-Tversky),0.3222,official page read 2026-10-06,verified snapshot; dynamic,https://www.drivendata.org/competitions/306/competition-doe-gems/leaderboard/,,official-snapshot,2026-10-06
DrivenData official leaderboard,rank-4 Batik Shirt Brothers (best public DW-Tversky),0.3218,official page read 2026-10-06,verified snapshot; dynamic,https://www.drivendata.org/competitions/306/competition-doe-gems/leaderboard/,,official-snapshot,2026-10-06
DrivenData official leaderboard,rank-5 DARD (best public DW-Tversky),0.3195,official page read 2026-10-06,verified snapshot; the brief calls this the highest score; it is rank 5 today (IR-43-001),https://www.drivendata.org/competitions/306/competition-doe-gems/leaderboard/,,official-snapshot,2026-10-06
GEMSDOE19,h19-4-multiline-corroborated-openness-thermal-pop-20260930-691e4dfa-nan,0.1894,user brief,owner-reported; not independently authenticated,https://buffedlizard55-lab.github.io/19GEMSDOE/docs/index.html,,user-report,
GEMSDOE43,this submission,UNSCORED,not yet submitted,no score exists; holdout margins are in evidence/pipeline_main.json,https://buffedlizard55-lab.github.io/GEMSDOE43/,,pending,2026-10-06
